timestamps,open,high,low,close,volume,amount
2026-03-27 13:30:00,362.0400085449219,362.42498779296875,359.54998779296875,359.9195861816406,2843478.0,1023423425.0765991
2026-03-27 13:35:00,359.8999938964844,360.1300048828125,359.05999755859375,359.0824890136719,911753.0,327394536.6056824
2026-03-27 13:40:00,359.0804138183594,359.6517028808594,358.8500061035156,359.07000732421875,586598.0,210629748.15637207
2026-03-27 13:45:00,359.1000061035156,359.989990234375,358.9599914550781,359.07000732421875,724224.0,260047116.984375
2026-03-27 13:50:00,359.1000061035156,359.1683044433594,357.9800109863281,358.3699951171875,676545.0,242453428.34655762
2026-03-27 13:55:00,358.3599853515625,358.3699951171875,357.44000244140625,357.489990234375,602375.0,215343032.86743164
2026-03-27 14:00:00,357.489990234375,358.1700134277344,357.2300109863281,358.1099853515625,755980.0,270723986.7260742
2026-03-27 14:05:00,358.125,358.260009765625,356.5799865722656,356.7049865722656,747239.0,266543877.4612732
2026-03-27 14:10:00,356.6300048828125,357.70001220703125,356.6000061035156,357.5799865722656,503470.0,180030795.83953857
2026-03-27 14:15:00,357.57000732421875,358.3299865722656,357.53729248046875,357.8299865722656,540810.0,193518035.03814697
2026-03-27 14:20:00,357.8351135253906,358.2699890136719,357.590087890625,358.1188049316406,506893.0,181527915.3882141
2026-03-27 14:25:00,358.1000061035156,358.57000732421875,358.0,358.3500061035156,456840.0,163708616.78833008
2026-03-27 14:30:00,358.3550109863281,359.4798889160156,358.2900085449219,359.3424987792969,568496.0,204284773.18603516
2026-03-27 14:35:00,359.3349914550781,359.69000244140625,359.05810546875,359.4700012207031,396638.0,142579462.34417725
2026-03-27 14:40:00,359.489990234375,359.989990234375,359.3500061035156,359.989990234375,343582.0,123686080.82470703
2026-03-27 14:45:00,359.9750061035156,360.3999938964844,359.5199890136719,360.3800048828125,557472.0,200901762.08203125
2026-03-27 14:50:00,360.4100036621094,360.45001220703125,359.25,359.42498779296875,439673.0,158029462.65789795
2026-03-27 14:55:00,359.4100036621094,359.8999938964844,359.30999755859375,359.864501953125,284671.0,102442987.63549805
2026-03-27 15:00:00,359.8999938964844,360.20989990234375,359.69000244140625,359.875,283430.0,101999371.25
2026-03-27 15:05:00,359.8900146484375,360.3349914550781,359.7106018066406,360.2349853515625,311047.0,112050011.48864746
2026-03-27 15:10:00,360.25,360.45001220703125,360.0299987792969,360.375,254586.0,91746429.75
2026-03-27 15:15:00,360.3500061035156,360.3800048828125,359.44000244140625,359.739990234375,305717.0,109978630.59448242
2026-03-27 15:20:00,359.739990234375,360.8299865722656,359.2799987792969,360.3900146484375,382872.0,137983245.68847656
2026-03-27 15:25:00,360.3599853515625,360.4599914550781,360.07000732421875,360.44500732421875,266419.0,96029398.40631104
2026-03-27 15:30:00,360.44500732421875,360.9599914550781,360.25,360.7300109863281,314583.0,113479529.04611206
2026-03-27 15:35:00,360.7300109863281,360.7900085449219,360.29998779296875,360.3599853515625,260629.0,93920262.62219238
2026-03-27 15:40:00,360.3299865722656,360.3299865722656,359.1099853515625,359.6199951171875,347795.0,125074036.20178223
2026-03-27 15:45:00,359.60009765625,360.3399963378906,359.54998779296875,360.2799987792969,238856.0,86055039.38842773
2026-03-27 15:50:00,360.260009765625,360.5400085449219,360.0700988769531,360.42999267578125,243171.0,87646121.7489624
2026-03-27 15:55:00,360.3999938964844,360.4100036621094,360.07000732421875,360.2200012207031,253089.0,91167719.88894653
2026-03-27 16:00:00,360.25,360.7099914550781,360.2300109863281,360.5350036621094,260275.0,93838248.07815552
2026-03-27 16:05:00,360.5,360.625,359.8800048828125,359.9150085449219,245241.0,88265916.61056519
2026-03-27 16:10:00,359.9100036621094,360.1700134277344,359.7149963378906,360.0400085449219,189149.0,68101207.57626343
2026-03-27 16:15:00,360.1000061035156,360.5899963378906,359.80999755859375,360.4100036621094,204567.0,73727993.21914673
2026-03-27 16:20:00,360.4100036621094,360.5,359.8699951171875,360.04998779296875,235204.0,84685197.32885742
2026-03-27 16:25:00,360.0400085449219,360.18499755859375,359.760009765625,359.9700012207031,405287.0,145891161.8847351
2026-03-27 16:30:00,360.0,360.1400146484375,359.75,359.8699951171875,209503.0,75393843.58703613
2026-03-27 16:35:00,359.8500061035156,359.9599914550781,359.510009765625,359.510009765625,245969.0,88428317.59204102
2026-03-27 16:40:00,359.5,359.8599853515625,359.20001220703125,359.6499938964844,239085.0,85986918.79074097
2026-03-27 16:45:00,359.6499938964844,360.07501220703125,359.5899963378906,359.9700012207031,261834.0,94252385.29962158
2026-03-27 16:50:00,359.95001220703125,360.07000732421875,359.4100036621094,359.7300109863281,186410.0,67057271.347961426
2026-03-27 16:55:00,359.70001220703125,359.7749938964844,359.3500061035156,359.70001220703125,247572.0,89051651.42211914
2026-03-27 17:00:00,359.7200012207031,359.739990234375,359.1000061035156,359.2650146484375,255773.0,91890290.5916748
2026-03-27 17:05:00,359.2650146484375,360.1000061035156,359.114990234375,359.79998779296875,293639.0,105651308.61553955
2026-03-27 17:10:00,359.8133850097656,359.92999267578125,359.1600036621094,359.3299865722656,199050.0,71524633.82720947
2026-03-27 17:15:00,359.3299865722656,359.3500061035156,358.92138671875,359.0400085449219,683326.0,245341372.8789673
2026-03-27 17:20:00,359.04998779296875,359.1600036621094,358.70001220703125,359.1300048828125,338711.0,121641283.0838623
2026-03-27 17:25:00,359.1199951171875,359.3399963378906,358.79998779296875,358.9367980957031,224664.0,80640176.80737305
2026-03-27 17:30:00,358.9200134277344,359.4200134277344,358.8299865722656,359.3900146484375,183116.0,65810061.92236328
2026-03-27 17:35:00,359.3800048828125,359.4399108886719,359.1499938964844,359.239990234375,214261.0,76971119.54760742
2026-03-27 17:40:00,359.2300109863281,359.239990234375,358.82000732421875,358.9609069824219,219939.0,78949502.92080688
2026-03-27 17:45:00,358.9601135253906,359.2099914550781,358.5799865722656,358.590087890625,225910.0,81009086.7553711
2026-03-27 17:50:00,358.5799865722656,358.7099914550781,358.4599914550781,358.5350036621094,186658.0,66923426.71356201
2026-03-27 17:55:00,358.54998779296875,358.9888000488281,358.5400085449219,358.8500061035156,216139.0,77561481.46920776
2026-03-27 18:00:00,358.8450012207031,359.0400085449219,358.7650146484375,358.79998779296875,238372.0,85527870.69018555
2026-03-27 18:05:00,358.79998779296875,358.885009765625,358.2699890136719,358.29998779296875,255126.0,91411642.68566895
2026-03-27 18:10:00,358.29998779296875,358.7099914550781,358.20001220703125,358.69000244140625,188876.0,67747932.90112305
2026-03-27 18:15:00,358.70001220703125,358.9700012207031,358.54010009765625,358.68499755859375,209540.0,75158854.38842773
2026-03-27 18:20:00,358.68499755859375,358.8500061035156,358.3299865722656,358.4800109863281,258447.0,92648083.39938354
2026-03-27 18:25:00,358.4700012207031,358.8900146484375,358.3699951171875,358.7974853515625,215100.0,77177339.0991211
2026-03-27 18:30:00,358.80499267578125,359.32000732421875,358.6499938964844,359.30999755859375,238777.0,85794963.28704834
2026-03-27 18:35:00,359.30999755859375,359.3299865722656,358.7099914550781,358.8349914550781,209070.0,75021631.66351318
2026-03-27 18:40:00,358.8500061035156,358.9949951171875,358.6499938964844,358.7300109863281,252002.0,90400680.22857666
2026-03-27 18:45:00,358.7200012207031,358.7200927734375,358.1400146484375,358.20001220703125,236291.0,84639439.08441162
2026-03-27 18:50:00,358.20001220703125,358.29998779296875,357.69000244140625,357.80999755859375,393960.0,140962826.6381836
2026-03-27 18:55:00,357.81500244140625,357.9700012207031,357.57000732421875,357.80999755859375,280497.0,100364630.88519287
2026-03-27 19:00:00,357.80999755859375,358.0400085449219,357.2799987792969,357.3800048828125,250219.0,89423267.44177246
2026-03-27 19:05:00,357.375,357.44500732421875,356.8999938964844,357.0799865722656,404453.0,144422071.80911255
2026-03-27 19:10:00,357.0799865722656,357.3900146484375,356.93499755859375,357.0899963378906,383340.0,136886879.196167
2026-03-27 19:15:00,357.06500244140625,357.6300048828125,356.989990234375,357.6300048828125,370581.0,132530884.83947754
2026-03-27 19:20:00,357.6300048828125,357.8999938964844,357.4599914550781,357.8699951171875,369087.0,132085162.88781738
2026-03-27 19:25:00,357.8399963378906,357.8699951171875,357.3900146484375,357.5,386636.0,138222370.0
2026-03-27 19:30:00,357.510009765625,357.82000732421875,357.260009765625,357.625,412845.0,147643693.125
2026-03-27 19:35:00,357.6300048828125,357.6449890136719,357.20001220703125,357.20001220703125,329701.0,117769201.22467041
2026-03-27 19:40:00,357.2300109863281,357.293701171875,356.6400146484375,357.0899963378906,492117.0,175730057.72781372
2026-03-27 19:45:00,357.0899963378906,357.1700134277344,356.510009765625,357.10400390625,545646.0,194852371.3154297
2026-03-27 19:50:00,357.1000061035156,357.6683044433594,356.6499938964844,357.239990234375,750859.0,268236861.82739258
2026-03-27 19:55:00,357.25,357.5400085449219,356.6400146484375,356.6499938964844,1598545.0,570121064.4932556
2026-03-30 13:30:00,361.8949890136719,362.0,358.3699951171875,360.0899963378906,2069987.0,745381611.2494812
2026-03-30 13:35:00,360.0574951171875,361.5,359.55999755859375,361.3450012207031,705487.0,254924200.8761902
2026-03-30 13:40:00,361.3937072753906,361.3999938964844,359.65008544921875,359.9200134277344,436148.0,156978394.0164795
2026-03-30 13:45:00,359.8999938964844,361.0299987792969,359.8999938964844,360.0299987792969,433509.0,156076244.7408142
2026-03-30 13:50:00,360.0400085449219,361.2900085449219,359.5,360.9700012207031,464823.0,167787158.8774109
2026-03-30 13:55:00,360.9599914550781,361.32000732421875,360.3699951171875,360.5849914550781,401774.0,144873674.35687256
2026-03-30 14:00:00,360.5400085449219,361.0,359.760009765625,360.25,418362.0,150714910.5
2026-03-30 14:05:00,360.2449951171875,361.0599060058594,359.760009765625,361.0199890136719,359804.0,129896436.1270752
2026-03-30 14:10:00,360.9800109863281,361.2998962402344,360.42999267578125,360.79998779296875,311381.0,112346260.9989624
2026-03-30 14:15:00,360.739990234375,361.5,360.44000244140625,360.9898986816406,416927.0,150506435.48764038
2026-03-30 14:20:00,360.9649963378906,362.57861328125,360.8399963378906,362.4800109863281,474210.0,171891646.00982666
2026-03-30 14:25:00,362.4849853515625,362.6499938964844,361.8599853515625,362.489990234375,524750.0,190216622.37548828
2026-03-30 14:30:00,362.4700012207031,363.92999267578125,362.3900146484375,363.9200134277344,601002.0,218716655.9100952
2026-03-30 14:35:00,363.9200134277344,364.1600036621094,363.2699890136719,363.67041015625,510288.0,185576646.2578125
2026-03-30 14:40:00,363.676513671875,364.1199951171875,362.8399963378906,363.70001220703125,456207.0,165922491.4689331
2026-03-30 14:45:00,363.739990234375,364.9700012207031,363.4100036621094,363.6400146484375,625135.0,227324100.55725098
2026-03-30 14:50:00,363.6700134277344,365.1700134277344,363.42999267578125,365.07000732421875,494644.0,180579688.70288086
2026-03-30 14:55:00,365.12298583984375,365.3349914550781,364.6099853515625,364.95001220703125,595142.0,217197080.164917
2026-03-30 15:00:00,364.94000244140625,365.33990478515625,364.55999755859375,365.1050109863281,530750.0,193779484.58099365
2026-03-30 15:05:00,365.1499938964844,365.3500061035156,363.7699890136719,363.8699951171875,549580.0,199975671.9165039
2026-03-30 15:10:00,363.8599853515625,364.1400146484375,362.760009765625,362.94500732421875,697826.0,253272462.68103027
2026-03-30 15:15:00,362.95001220703125,363.3500061035156,362.7799987792969,363.07000732421875,422639.0,153447544.8255005
2026-03-30 15:20:00,363.0199890136719,363.17999267578125,362.6401062011719,363.0198974609375,489659.0,177755959.9708252
2026-03-30 15:25:00,363.0150146484375,363.5400085449219,362.7300109863281,362.989990234375,534392.0,193978946.86132812
2026-03-30 15:30:00,362.9700012207031,363.45001220703125,362.7449951171875,363.3399963378906,657381.0,238852810.13259888
2026-03-30 15:35:00,363.3450012207031,363.7699890136719,363.2500915527344,363.5249938964844,358997.0,130504382.2338562
2026-03-30 15:40:00,363.4800109863281,364.54998779296875,363.32000732421875,364.364990234375,265134.0,96605547.32080078
2026-03-30 15:45:00,364.38250732421875,364.8399963378906,363.92999267578125,364.6449890136719,371515.0,135471083.0934143
2026-03-30 15:50:00,364.6700134277344,365.19000244140625,364.1300048828125,364.1499938964844,386398.0,140706829.34161377
2026-03-30 15:55:00,364.0899963378906,364.0899963378906,363.45001220703125,363.70001220703125,303940.0,110542981.71020508
2026-03-30 16:00:00,363.7200012207031,363.7799987792969,363.25,363.28448486328125,222322.0,80766133.24377441
2026-03-30 16:05:00,363.3299865722656,363.4599914550781,362.8584899902344,363.05999755859375,267785.0,97222021.44622803
2026-03-30 16:10:00,363.05999755859375,363.510009765625,363.0,363.2349853515625,288571.0,104819082.95788574
2026-03-30 16:15:00,363.2349853515625,363.260009765625,362.57000732421875,362.7424011230469,232635.0,84386578.48526001
2026-03-30 16:20:00,362.69000244140625,362.79998779296875,362.4700012207031,362.67999267578125,164632.0,59708732.55419922
2026-03-30 16:25:00,362.67498779296875,362.79998779296875,361.9700012207031,362.0,288279.0,104356998.0
2026-03-30 16:30:00,362.0,362.1000061035156,361.80999755859375,361.8500061035156,398555.0,144217129.18258667
2026-03-30 16:35:00,361.8599853515625,362.0,361.70001220703125,361.7950134277344,325014.0,117588444.49420166
2026-03-30 16:40:00,361.7650146484375,361.8399963378906,360.9700012207031,360.9801025390625,554413.0,200132061.58898926
2026-03-30 16:45:00,361.0,361.739990234375,360.8800048828125,361.54998779296875,270002.0,97619219.80407715
2026-03-30 16:50:00,361.54998779296875,362.30999755859375,361.3999938964844,361.510009765625,205179.0,74174262.29370117
2026-03-30 16:55:00,361.5599060058594,361.6499938964844,361.010009765625,361.3599853515625,254478.0,91958166.35229492
2026-03-30 17:00:00,361.3599853515625,361.5299987792969,360.8699951171875,361.1000061035156,284592.0,102766172.93701172
2026-03-30 17:05:00,361.1099853515625,361.7734069824219,360.95001220703125,361.0260009765625,234723.0,84741106.02722168
2026-03-30 17:10:00,361.05999755859375,361.1000061035156,360.2380065917969,360.2380065917969,292838.0,105491377.37432861
2026-03-30 17:15:00,360.2497863769531,360.57000732421875,359.55010986328125,359.9100036621094,544844.0,196094806.03527832
2026-03-30 17:20:00,359.9100036621094,360.0,359.42999267578125,359.44989013671875,461002.0,165707118.25280762
2026-03-30 17:25:00,359.44500732421875,359.8598937988281,359.1300048828125,359.7799987792969,370104.0,133156016.66821289
2026-03-30 17:30:00,359.7850036621094,359.80999755859375,358.55999755859375,358.6650085449219,579569.0,207871120.33737183
2026-03-30 17:35:00,358.6600036621094,358.9599914550781,358.1300048828125,358.8299865722656,752692.0,270088460.25305176
2026-03-30 17:40:00,358.8299865722656,359.9100036621094,358.6499938964844,359.8399963378906,451918.0,162618171.46502686
2026-03-30 17:45:00,359.82000732421875,360.0299987792969,359.17999267578125,359.2113037109375,368505.0,132371161.47399902
2026-03-30 17:50:00,359.1665954589844,359.2699890136719,358.739990234375,359.0400085449219,231810.0,83229064.38079834
2026-03-30 17:55:00,359.139892578125,359.17999267578125,358.9599914550781,359.1438903808594,233612.0,83900322.51965332
2026-03-30 18:00:00,359.1199951171875,359.260009765625,358.6300048828125,358.8900146484375,215590.0,77373098.25805664
2026-03-30 18:05:00,358.885009765625,359.0,358.0400085449219,358.07000732421875,266164.0,95305345.42944336
2026-03-30 18:10:00,358.04998779296875,358.4200134277344,357.8299865722656,357.9999084472656,422240.0,151161881.34277344
2026-03-30 18:15:00,358.0,359.3500061035156,357.8599853515625,359.2950134277344,284944.0,102378958.30615234
2026-03-30 18:20:00,359.2900085449219,359.4624938964844,359.07000732421875,359.4184875488281,351341.0,126278450.83389282
2026-03-30 18:25:00,359.4200134277344,359.45001220703125,357.80999755859375,357.8900146484375,386912.0,138471941.34765625
2026-03-30 18:30:00,357.8900146484375,359.4100036621094,357.82000732421875,359.3299865722656,263268.0,94600086.90490723
2026-03-30 18:35:00,359.3500061035156,360.239990234375,359.239990234375,359.75,435877.0,156806750.75
2026-03-30 18:40:00,359.760009765625,360.1600036621094,359.5299987792969,359.60009765625,339323.0,122020583.93701172
2026-03-30 18:45:00,359.6000061035156,359.8450012207031,358.32000732421875,358.3399963378906,413233.0,148077911.70669556
2026-03-30 18:50:00,358.3340148925781,358.4200134277344,356.8500061035156,356.9991149902344,833038.0,297393828.75323486
2026-03-30 18:55:00,357.0,357.4200134277344,356.8900146484375,357.3999938964844,458205.0,163762464.20333862
2026-03-30 19:00:00,357.3599853515625,357.5,357.17498779296875,357.3599853515625,304281.0,108737853.70275879
2026-03-30 19:05:00,357.3800048828125,357.3902893066406,356.75,356.8949890136719,336486.0,120090167.2732544
2026-03-30 19:10:00,356.8999938964844,356.8999938964844,356.2799987792969,356.3949890136719,394971.0,140765685.205719
2026-03-30 19:15:00,356.4100036621094,356.95001220703125,356.4100036621094,356.79998779296875,510357.0,182095371.37005615
2026-03-30 19:20:00,356.80999755859375,357.07000732421875,356.42010498046875,356.69000244140625,490478.0,174948599.01745605
2026-03-30 19:25:00,356.7279968261719,357.3599853515625,356.4840087890625,356.9750061035156,673659.0,240479425.63668823
2026-03-30 19:30:00,356.989990234375,357.75,356.8299865722656,357.1700134277344,414779.0,148146620.99954224
2026-03-30 19:35:00,357.2200012207031,358.6199951171875,357.2099914550781,358.05999755859375,395902.0,141756669.15344238
2026-03-30 19:40:00,358.1000061035156,358.6300048828125,358.0950012207031,358.4750061035156,295605.0,105967004.17922974
2026-03-30 19:45:00,358.4800109863281,359.2200012207031,358.44000244140625,358.760009765625,447676.0,160608246.13183594
2026-03-30 19:50:00,358.7799987792969,359.4200134277344,358.625,358.9100036621094,722182.0,259198344.26470947
2026-03-30 19:55:00,358.9599914550781,359.6099853515625,358.7300109863281,358.760009765625,1810242.0,649442437.5981445
2026-03-31 13:30:00,364.6300048828125,366.8500061035156,364.375,366.82501220703125,2082824.0,764031939.2250977
2026-03-31 13:35:00,366.82000732421875,367.3999938964844,365.6199951171875,366.57000732421875,724452.0,265562374.94604492
2026-03-31 13:40:00,366.6116943359375,367.1499938964844,365.79998779296875,366.0400085449219,678704.0,248432817.95947266
2026-03-31 13:45:00,366.07000732421875,367.70001220703125,366.07000732421875,367.69000244140625,441870.0,162471181.37878418
2026-03-31 13:50:00,367.69000244140625,368.1499938964844,366.656005859375,367.8900146484375,448984.0,165176730.33691406
2026-03-31 13:55:00,367.8999938964844,368.07000732421875,366.6700134277344,367.1000061035156,479957.0,176192217.62942505
2026-03-31 14:00:00,367.1099853515625,367.5299987792969,366.4599914550781,367.2409973144531,423721.0,155607722.6230774
2026-03-31 14:05:00,367.2300109863281,367.2699890136719,366.6000061035156,366.8299865722656,357894.0,131286251.21429443
2026-03-31 14:10:00,366.8299865722656,367.2594909667969,366.6199951171875,367.1199951171875,294992.0,108297461.59960938
2026-03-31 14:15:00,366.9700012207031,367.17999267578125,366.1400146484375,366.6400146484375,373014.0,136761858.42407227
2026-03-31 14:20:00,366.6199951171875,366.7099914550781,365.42999267578125,366.3999938964844,369059.0,135223215.34744263
2026-03-31 14:25:00,366.3900146484375,366.3900146484375,365.3699951171875,365.45001220703125,325251.0,118862981.92034912
2026-03-31 14:30:00,365.4601135253906,365.4601135253906,364.489990234375,365.20001220703125,577370.0,210855531.04797363
2026-03-31 14:35:00,365.2200012207031,365.55999755859375,364.6700134277344,364.70001220703125,365246.0,133205220.65856934
2026-03-31 14:40:00,364.7300109863281,365.1199951171875,364.3800048828125,364.91009521484375,400519.0,146153426.425354
2026-03-31 14:45:00,364.9700012207031,365.18499755859375,364.5400085449219,364.739013671875,260454.0,94997735.06689453
2026-03-31 14:50:00,364.7099914550781,364.7898864746094,363.2950134277344,363.5899963378906,459022.0,166895807.29901123
2026-03-31 14:55:00,363.55999755859375,363.6600036621094,363.07000732421875,363.5199890136719,1319328.0,479602100.0654297
2026-03-31 15:00:00,363.510009765625,363.8190002441406,363.1000061035156,363.5199890136719,302948.0,110127653.63171387
2026-03-31 15:05:00,363.489990234375,364.1499938964844,363.3599853515625,363.68011474609375,266795.0,97028036.21368408
2026-03-31 15:10:00,363.7099914550781,364.5199890136719,363.25,364.3699951171875,317737.0,115773829.1385498
2026-03-31 15:15:00,364.3599853515625,364.70989990234375,364.07000732421875,364.3450012207031,278662.0,101529106.73016357
2026-03-31 15:20:00,364.32000732421875,364.8999938964844,363.8599853515625,364.7099914550781,184634.0,67337864.5623169
2026-03-31 15:25:00,364.67498779296875,364.8299865722656,363.8399963378906,364.2497863769531,274660.0,100044846.32629395
2026-03-31 15:30:00,364.20001220703125,364.3399963378906,363.6499938964844,364.260009765625,175239.0,63832559.85131836
2026-03-31 15:35:00,364.30499267578125,364.7445983886719,364.1159973144531,364.260009765625,192139.0,69988554.01635742
2026-03-31 15:40:00,364.260009765625,364.260009765625,363.7300109863281,364.010009765625,191526.0,69717381.1303711
2026-03-31 15:45:00,364.0,364.4200134277344,363.8699951171875,364.310302734375,150826.0,54947465.720214844
2026-03-31 15:50:00,364.32000732421875,364.7998962402344,364.04998779296875,364.2099914550781,164361.0,59861918.405548096
2026-03-31 15:55:00,364.239990234375,364.3599853515625,363.8699951171875,363.9200134277344,136980.0,49849763.439331055
2026-03-31 16:00:00,363.8999938964844,364.6700134277344,363.6700134277344,364.340087890625,180273.0,65680680.66430664
2026-03-31 16:05:00,364.3399963378906,364.9898986816406,364.3399963378906,364.6449890136719,181170.0,66062732.65960693
2026-03-31 16:10:00,364.635009765625,364.8500061035156,364.25,364.7099914550781,129601.0,47266779.60256958
2026-03-31 16:15:00,364.7204895019531,365.1400146484375,364.6300964355469,364.82501220703125,217687.0,79417662.43231201
2026-03-31 16:20:00,364.82501220703125,364.9800109863281,364.54998779296875,364.9599914550781,146880.0,53605323.544921875
2026-03-31 16:25:00,364.9599914550781,365.14990234375,364.17999267578125,365.04998779296875,235190.0,85856106.62902832
2026-03-31 16:30:00,365.0450134277344,365.07000732421875,364.7550048828125,364.8699951171875,128361.0,46835077.443237305
2026-03-31 16:35:00,364.864990234375,366.1400146484375,364.2950134277344,366.0299987792969,554649.0,203018172.79293823
2026-03-31 16:40:00,366.0400085449219,367.989990234375,366.010009765625,366.75,667965.0,244976163.75
2026-03-31 16:45:00,366.7900085449219,367.6300048828125,366.20001220703125,366.93499755859375,337584.0,123871384.21582031
2026-03-31 16:50:00,366.94500732421875,367.6600036621094,366.2900085449219,367.17999267578125,330894.0,121497656.49645996
2026-03-31 16:55:00,367.1400146484375,368.0899963378906,366.69500732421875,367.9649963378906,350483.0,128965475.81149292
2026-03-31 17:00:00,368.0097961425781,369.2250061035156,367.92498779296875,368.8800048828125,1100337.0,405892317.93273926
2026-03-31 17:05:00,368.9100036621094,369.1199951171875,368.0299987792969,368.5050048828125,487988.0,179826020.3227539
2026-03-31 17:10:00,368.5400085449219,369.6300048828125,368.4100036621094,369.5450134277344,385166.0,142336174.64190674
2026-03-31 17:15:00,369.57000732421875,370.4898986816406,369.55999755859375,370.30999755859375,581389.0,215294159.17059326
2026-03-31 17:20:00,370.2950134277344,370.57000732421875,369.7799987792969,369.8599853515625,389609.0,144100779.0328369
2026-03-31 17:25:00,369.9128112792969,370.04998779296875,368.6650085449219,368.8800048828125,411543.0,151809983.8494873
2026-03-31 17:30:00,368.8599853515625,370.1199951171875,368.8399963378906,370.07501220703125,326853.0,120960127.96490479
2026-03-31 17:35:00,370.07501220703125,370.1499938964844,368.1300048828125,368.4100036621094,373553.0,137620662.09799194
2026-03-31 17:40:00,368.32000732421875,368.6990966796875,368.1099853515625,368.44000244140625,313682.0,115572996.8458252
2026-03-31 17:45:00,368.4849853515625,368.92999267578125,368.3999938964844,368.8299865722656,179618.0,66248504.52813721
2026-03-31 17:50:00,368.885009765625,369.04998779296875,368.489990234375,368.6788024902344,183045.0,67484811.40182495
2026-03-31 17:55:00,368.75,368.7799987792969,368.0400085449219,368.3500061035156,199154.0,73358377.11553955
2026-03-31 18:00:00,368.3399963378906,369.2699890136719,368.3349914550781,369.05499267578125,218047.0,80471333.98797607
2026-03-31 18:05:00,369.07000732421875,369.7699890136719,368.80999755859375,369.6050109863281,247099.0,91329028.6097107
2026-03-31 18:10:00,369.5899963378906,369.6499938964844,368.95001220703125,369.54998779296875,227058.0,83909281.1282959
2026-03-31 18:15:00,369.5199890136719,369.70001220703125,369.2799987792969,369.54998779296875,213652.0,78955093.99194336
2026-03-31 18:20:00,369.57000732421875,369.8599853515625,369.4700012207031,369.5400085449219,295505.0,109200920.22506714
2026-03-31 18:25:00,369.5,370.1000061035156,369.25,369.8468017578125,215324.0,79636892.74169922
2026-03-31 18:30:00,369.80999755859375,369.9299011230469,369.42999267578125,369.8299865722656,179109.0,66239879.064971924
2026-03-31 18:35:00,369.80499267578125,370.260009765625,369.67010498046875,370.03509521484375,254378.0,94128787.45056152
2026-03-31 18:40:00,370.0199890136719,370.5199890136719,369.79998779296875,370.489990234375,442981.0,164120026.36401367
2026-03-31 18:45:00,370.5299987792969,370.7300109863281,370.0899963378906,370.4150085449219,341904.0,126646373.08154297
2026-03-31 18:50:00,370.4200134277344,370.75,370.20001220703125,370.340087890625,297255.0,110085442.82592773
2026-03-31 18:55:00,370.3599853515625,370.7950134277344,370.31500244140625,370.5299987792969,446752.0,165535018.01464844
2026-03-31 19:00:00,370.510009765625,370.8500061035156,370.2799987792969,370.6499938964844,440363.0,163220543.26223755
2026-03-31 19:05:00,370.6300048828125,370.8500061035156,370.25,370.7200012207031,449412.0,166606017.18859863
2026-03-31 19:10:00,370.7398986816406,371.29998779296875,370.69000244140625,371.17999267578125,397290.0,147466099.29016113
2026-03-31 19:15:00,371.1600036621094,371.70001220703125,370.7300109863281,371.2300109863281,472766.0,175504927.3739624
2026-03-31 19:20:00,371.20001220703125,371.6499938964844,371.0899963378906,371.2449951171875,354645.0,131660181.29333496
2026-03-31 19:25:00,371.260009765625,371.385009765625,370.9100036621094,371.0899963378906,366484.0,135998546.2178955
2026-03-31 19:30:00,371.1400146484375,371.6400146484375,371.0299987792969,371.2051086425781,458186.0,170080983.9085083
2026-03-31 19:35:00,371.17999267578125,371.70001220703125,370.8599853515625,371.3699951171875,459077.0,170487423.2484131
2026-03-31 19:40:00,371.3500061035156,371.6499938964844,371.0799865722656,371.6099853515625,578129.0,214838509.22131348
2026-03-31 19:45:00,371.6499938964844,372.0,371.5,371.9613037109375,584669.0,217474243.47937012
2026-03-31 19:50:00,372.0,372.8999938964844,371.04998779296875,371.260009765625,1368849.0,508198893.107666
2026-03-31 19:55:00,371.260009765625,371.2699890136719,369.75,370.1600036621094,1952512.0,722741849.0703125
2026-04-01 13:30:00,373.1600036621094,373.989990234375,370.29998779296875,372.7650146484375,2542622.0,947800527.0754395
2026-04-01 13:35:00,372.7850036621094,372.7850036621094,371.510009765625,372.44500732421875,832247.0,309966240.0105591
2026-04-01 13:40:00,372.43060302734375,372.4800109863281,369.04998779296875,369.3340148925781,824012.0,304335660.2796631
2026-04-01 13:45:00,369.3900146484375,369.79998779296875,368.20001220703125,369.0,669745.0,247135905.0
2026-04-01 13:50:00,369.0150146484375,370.30999755859375,368.67999267578125,369.69000244140625,513826.0,189956335.194458
2026-04-01 13:55:00,369.739990234375,369.82501220703125,368.8999938964844,369.6300048828125,483368.0,178667316.2001953
2026-04-01 14:00:00,369.5950012207031,371.3900146484375,369.45001220703125,370.79998779296875,423682.0,157101280.4281006
2026-04-01 14:05:00,370.82000732421875,371.1925048828125,370.29998779296875,370.5400085449219,381509.0,141364348.1199646
2026-04-01 14:10:00,370.6400146484375,371.239990234375,370.2799987792969,371.17498779296875,366038.0,135864150.1817627
2026-04-01 14:15:00,371.1700134277344,372.0299987792969,371.05999755859375,371.9200134277344,366018.0,136129419.47479248
2026-04-01 14:20:00,371.9200134277344,372.0899963378906,371.25,371.4599914550781,321992.0,119607145.56860352
2026-04-01 14:25:00,371.45001220703125,371.80999755859375,371.20001220703125,371.510009765625,300436.0,111614981.29394531
2026-04-01 14:30:00,371.5299987792969,372.04901123046875,370.3900146484375,370.489990234375,443102.0,164164855.65283203
2026-04-01 14:35:00,370.5199890136719,371.55999755859375,370.1700134277344,371.3299865722656,346129.0,128528076.92227173
2026-04-01 14:40:00,371.2799987792969,371.5899963378906,370.70001220703125,371.3500061035156,247999.0,92094430.16366577
2026-04-01 14:45:00,371.32000732421875,371.9049987792969,371.0819091796875,371.80499267578125,287144.0,106761572.81689453
2026-04-01 14:50:00,371.82000732421875,371.9700012207031,371.3399963378906,371.64691162109375,222436.0,82667652.43334961
2026-04-01 14:55:00,371.67999267578125,372.20001220703125,371.5,371.8006896972656,278730.0,103632006.23931885
2026-04-01 15:00:00,371.7799987792969,371.8500061035156,371.35009765625,371.4556884765625,234623.0,87152047.99743652
2026-04-01 15:05:00,371.3900146484375,371.9599914550781,371.3699951171875,371.7250061035156,294792.0,109581557.99926758
2026-04-01 15:10:00,371.75,372.5,371.6600036621094,371.9049987792969,349725.0,130064475.6980896
2026-04-01 15:15:00,371.94000244140625,372.1499938964844,371.5199890136719,371.6885070800781,236269.0,87818471.87930298
2026-04-01 15:20:00,371.6650085449219,372.0400085449219,371.0400085449219,371.2200012207031,254685.0,94544166.01089478
2026-04-01 15:25:00,371.20001220703125,371.5199890136719,371.0,371.2349853515625,225520.0,83720913.89648438
2026-04-01 15:30:00,371.239990234375,371.54998779296875,370.75,371.20001220703125,216208.0,80256412.23925781
2026-04-01 15:35:00,371.25,371.989990234375,371.2300109863281,371.93011474609375,227850.0,84744276.64489746
2026-04-01 15:40:00,371.9549865722656,372.2998962402344,371.6499938964844,372.125,171118.0,63677285.75
2026-04-01 15:45:00,372.1300048828125,372.4700012207031,372.03680419921875,372.25,181911.0,67716369.75
2026-04-01 15:50:00,372.2149963378906,372.3900146484375,372.0,372.25,200552.0,74655482.0
2026-04-01 15:55:00,372.19000244140625,372.4599914550781,372.1400146484375,372.18499755859375,175029.0,65143167.937683105
2026-04-01 16:00:00,372.1700134277344,372.510009765625,372.07000732421875,372.4200134277344,202749.0,75507785.30245972
2026-04-01 16:05:00,372.4100036621094,372.5150146484375,372.260009765625,372.44000244140625,176222.0,65632122.11022949
2026-04-01 16:10:00,372.45001220703125,372.6199951171875,372.1000061035156,372.1099853515625,179901.0,66942958.474731445
2026-04-01 16:15:00,372.0950012207031,372.7699890136719,371.9599914550781,372.6099853515625,184363.0,68695494.72937012
2026-04-01 16:20:00,372.6300048828125,372.8399963378906,372.3949890136719,372.75,150701.0,56173797.75
2026-04-01 16:25:00,372.7300109863281,372.8136901855469,372.5,372.6099853515625,135021.0,50310172.83215332
2026-04-01 16:30:00,372.6400146484375,372.7200012207031,372.010009765625,372.3599853515625,180885.0,67354335.95031738
2026-04-01 16:35:00,372.3599853515625,372.739990234375,372.3399963378906,372.48980712890625,135756.0,50567726.2565918
2026-04-01 16:40:00,372.4700012207031,372.80999755859375,372.42999267578125,372.7200012207031,148202.0,55237849.620910645
2026-04-01 16:45:00,372.7200012207031,372.8800048828125,372.43499755859375,372.4599914550781,197165.0,73436074.21524048
2026-04-01 16:50:00,372.4800109863281,372.6400146484375,372.1000061035156,372.3699951171875,147784.0,55030327.35839844
2026-04-01 16:55:00,372.3800048828125,372.8800048828125,372.3699951171875,372.5220031738281,185033.0,68928863.81326294
2026-04-01 17:00:00,372.5299987792969,372.8299865722656,372.2699890136719,372.7950134277344,177566.0,66195719.35430908
2026-04-01 17:05:00,372.760009765625,372.8299865722656,372.2449951171875,372.5199890136719,158301.0,58970286.78085327
2026-04-01 17:10:00,372.5400085449219,372.6000061035156,372.3599853515625,372.4649963378906,171245.0,63782768.29788208
2026-04-01 17:15:00,372.4800109863281,372.6300048828125,372.2099914550781,372.3299865722656,167053.0,62198841.24685669
2026-04-01 17:20:00,372.3699951171875,372.6000061035156,371.92999267578125,372.0400085449219,155132.0,57715310.60559082
2026-04-01 17:25:00,372.0299987792969,372.1700134277344,371.8800048828125,371.8900146484375,129872.0,48298099.982421875
2026-04-01 17:30:00,371.90618896484375,372.0199890136719,371.30010986328125,371.3699951171875,153105.0,56858603.10241699
2026-04-01 17:35:00,371.3800048828125,371.7200012207031,371.110107421875,371.6199951171875,259204.0,96325389.21435547
2026-04-01 17:40:00,371.6199951171875,371.67999267578125,371.1499938964844,371.2850036621094,160363.0,59540377.042266846
2026-04-01 17:45:00,371.2699890136719,371.5,371.2099914550781,371.3800048828125,144434.0,53639899.62524414
2026-04-01 17:50:00,371.3699951171875,371.489990234375,371.2200012207031,371.239990234375,103482.0,38416656.669433594
2026-04-01 17:55:00,371.2314147949219,371.3599853515625,370.70001220703125,370.7856140136719,191381.0,70961321.59555054
2026-04-01 18:00:00,370.75,370.8800048828125,370.1000061035156,370.55999755859375,270023.0,100059722.22076416
2026-04-01 18:05:00,370.55999755859375,370.7699890136719,370.33099365234375,370.54998779296875,160401.0,59436588.59197998
2026-04-01 18:10:00,370.5799865722656,370.6700134277344,370.19000244140625,370.3699951171875,168583.0,62438084.88684082
2026-04-01 18:15:00,370.3599853515625,370.3800048828125,369.3500061035156,369.67498779296875,359892.0,133043070.70678711
2026-04-01 18:20:00,369.67999267578125,369.7799072265625,369.07000732421875,369.1400146484375,221125.0,81626085.73913574
2026-04-01 18:25:00,369.1600036621094,369.45001220703125,368.94000244140625,369.05999755859375,291969.0,107754078.42718506
2026-04-01 18:30:00,369.07501220703125,369.3299865722656,369.0,369.06500244140625,170417.0,62894950.52105713
2026-04-01 18:35:00,369.1000061035156,369.3299865722656,368.7250061035156,369.17999267578125,229086.0,84573967.80212402
2026-04-01 18:40:00,369.17999267578125,369.70001220703125,369.1400146484375,369.3599853515625,231480.0,85499449.40917969
2026-04-01 18:45:00,369.3599853515625,369.4100036621094,368.92999267578125,369.1499938964844,179067.0,66102581.95706177
2026-04-01 18:50:00,369.1499938964844,369.6000061035156,368.875,369.44000244140625,138111.0,51023728.17718506
2026-04-01 18:55:00,369.43499755859375,369.45001220703125,369.090087890625,369.2900085449219,201196.0,74299672.5592041
2026-04-01 19:00:00,369.2900085449219,369.6700134277344,369.1000061035156,369.3299865722656,168507.0,62234688.04733276
2026-04-01 19:05:00,369.3399963378906,369.693603515625,369.2799987792969,369.32049560546875,167157.0,61734506.08392334
2026-04-01 19:10:00,369.29998779296875,369.3599853515625,368.8999938964844,368.9150085449219,245210.0,90461649.2453003
2026-04-01 19:15:00,368.9049987792969,369.3599853515625,368.8800048828125,369.1700134277344,336643.0,124278500.83035278
2026-04-01 19:20:00,369.2049865722656,369.6000061035156,368.8699951171875,369.55999755859375,240739.0,88967504.2522583
2026-04-01 19:25:00,369.5400085449219,369.9100036621094,369.1700134277344,369.2850036621094,307567.0,113579880.721344
2026-04-01 19:30:00,369.2850036621094,369.7699890136719,368.8699951171875,369.1300048828125,310979.0,114791679.78845215
2026-04-01 19:35:00,369.1400146484375,369.44000244140625,368.989990234375,369.0744934082031,271426.0,100176413.44781494
2026-04-01 19:40:00,369.0813903808594,369.4200134277344,369.0353088378906,369.19000244140625,275940.0,101874289.27368164
2026-04-01 19:45:00,369.19000244140625,369.69000244140625,369.1499938964844,369.44000244140625,308022.0,113795648.43200684
2026-04-01 19:50:00,369.4599914550781,369.74951171875,368.8800048828125,369.42999267578125,507488.0,187481288.12304688
2026-04-01 19:55:00,369.4200134277344,369.4599914550781,368.8999938964844,369.45001220703125,1119718.0,413679828.7684326
2026-04-02 13:30:00,367.2049865722656,367.6099853515625,364.44000244140625,365.7814025878906,1562744.0,571622692.2058105
2026-04-02 13:35:00,365.80499267578125,366.6199951171875,364.9599914550781,365.4100036621094,458491.0,167537197.9890442
2026-04-02 13:40:00,365.4100036621094,365.6099853515625,364.1499938964844,364.8599853515625,349266.0,127433187.64379883
2026-04-02 13:45:00,364.8550109863281,365.7799987792969,364.6099853515625,365.2300109863281,368175.0,134468559.29489136
2026-04-02 13:50:00,365.1701965332031,366.052001953125,365.0899963378906,365.8800048828125,301568.0,110337701.3125
2026-04-02 13:55:00,365.8999938964844,366.17999267578125,365.5799865722656,365.92999267578125,214821.0,78609446.956604
2026-04-02 14:00:00,365.9800109863281,366.3160095214844,365.04998779296875,365.34619140625,308935.0,112868225.64208984
2026-04-02 14:05:00,365.3500061035156,366.3399963378906,365.0400085449219,365.9090881347656,223443.0,81759824.38009644
2026-04-02 14:10:00,365.92999267578125,366.8900146484375,365.6600036621094,366.82000732421875,255927.0,93879144.01446533
2026-04-02 14:15:00,366.8299865722656,367.20001220703125,366.15008544921875,366.510009765625,360996.0,132308647.48535156
2026-04-02 14:20:00,366.489990234375,367.0400085449219,366.0299987792969,366.82470703125,255164.0,93600459.54492188
2026-04-02 14:25:00,366.8399963378906,367.07000732421875,366.18499755859375,366.7049865722656,483960.0,177470545.30151367
2026-04-02 14:30:00,366.69000244140625,368.159912109375,366.54998779296875,368.0299987792969,269728.0,99267995.51074219
2026-04-02 14:35:00,368.1050109863281,371.05859375,367.95001220703125,370.260009765625,640484.0,237145612.09472656
2026-04-02 14:40:00,370.239990234375,370.2998962402344,369.0950012207031,370.04010009765625,351985.0,130248564.63287354
2026-04-02 14:45:00,370.0400085449219,370.3699951171875,369.29998779296875,369.29998779296875,191177.0,70601663.76629639
2026-04-02 14:50:00,369.2699890136719,369.5599060058594,368.5199890136719,369.1050109863281,198537.0,73281001.56619263
2026-04-02 14:55:00,369.2491149902344,370.5799865722656,369.12109375,369.9992980957031,272459.0,100809638.75985718
2026-04-02 15:00:00,369.9200134277344,370.56988525390625,369.3901062011719,370.32000732421875,164228.0,60816914.1628418
2026-04-02 15:05:00,370.3299865722656,370.6299133300781,369.8999938964844,370.6000061035156,170400.0,63150241.04003906
2026-04-02 15:10:00,370.5299987792969,371.2200012207031,370.3900146484375,370.70001220703125,187670.0,69569271.29089355
2026-04-02 15:15:00,370.7200012207031,370.8900146484375,370.1401062011719,370.56500244140625,184399.0,68331815.88519287
2026-04-02 15:20:00,370.5299987792969,370.5299987792969,369.760009765625,370.375,208362.0,77172075.75
2026-04-02 15:25:00,370.4100036621094,371.07000732421875,370.17010498046875,370.80999755859375,181342.0,67243426.57727051
2026-04-02 15:30:00,370.8500061035156,370.9800109863281,370.30999755859375,370.659912109375,192058.0,71188201.39990234
2026-04-02 15:35:00,370.67999267578125,371.29998779296875,370.5950012207031,370.7900085449219,231750.0,85930584.48028564
2026-04-02 15:40:00,370.7799987792969,371.25,370.4796142578125,371.1449890136719,280050.0,103939154.17327881
2026-04-02 15:45:00,371.1449890136719,371.18011474609375,370.0199890136719,370.1199951171875,156321.0,57857527.75671387
2026-04-02 15:50:00,370.1199951171875,370.6000061035156,369.5400085449219,370.4849853515625,161795.0,59942618.204956055
2026-04-02 15:55:00,370.4187927246094,370.67999267578125,370.0,370.29998779296875,97261.0,36015747.11273193
2026-04-02 16:00:00,370.3399963378906,370.5,369.95001220703125,370.010009765625,95937.0,35497650.306884766
2026-04-02 16:05:00,370.0,370.1919860839844,369.4100036621094,369.8399963378906,90746.0,33561500.30767822
2026-04-02 16:10:00,369.8450927734375,370.1000061035156,369.5400085449219,369.9013977050781,109539.0,40518629.20321655
2026-04-02 16:15:00,369.8699951171875,370.1099853515625,369.6499938964844,369.739990234375,100656.0,37216548.45703125
2026-04-02 16:20:00,369.6700134277344,370.1199951171875,369.3949890136719,369.69500732421875,121858.0,45050294.20251465
2026-04-02 16:25:00,369.6600036621094,370.04998779296875,369.5013122558594,369.7471008300781,139110.0,51435519.19647217
2026-04-02 16:30:00,369.7349853515625,370.55999755859375,369.4649963378906,370.2799987792969,121428.0,44962359.69177246
2026-04-02 16:35:00,370.30999755859375,370.4700012207031,369.9700012207031,370.29998779296875,117912.0,43662812.16064453
2026-04-02 16:40:00,370.2799987792969,371.3900146484375,370.2799987792969,371.1499938964844,144690.0,53701692.616882324
2026-04-02 16:45:00,371.17999267578125,371.4599914550781,370.9599914550781,371.45001220703125,132260.0,49127978.61450195
2026-04-02 16:50:00,371.44000244140625,371.67999267578125,371.3700866699219,371.42999267578125,140714.0,52265399.98937988
2026-04-02 16:55:00,371.44500732421875,371.44500732421875,371.0,371.0199890136719,109050.0,40459729.80194092
2026-04-02 17:00:00,371.0400085449219,371.114990234375,370.6099853515625,370.8550109863281,345137.0,127995785.92678833
2026-04-02 17:05:00,370.8399963378906,371.0299987792969,370.5801086425781,370.80999755859375,123475.0,45785764.44854736
2026-04-02 17:10:00,370.7900085449219,371.34991455078125,370.4849853515625,371.3186950683594,180852.0,67153728.64050293
2026-04-02 17:15:00,371.29998779296875,371.79998779296875,371.28009033203125,371.6300048828125,169836.0,63116153.509277344
2026-04-02 17:20:00,371.625,371.8900146484375,371.54998779296875,371.6700134277344,135044.0,50191805.29333496
2026-04-02 17:25:00,371.67999267578125,371.8500061035156,371.4800109863281,371.5799865722656,84138.0,31263996.910217285
2026-04-02 17:30:00,371.6000061035156,371.8399963378906,371.489990234375,371.6549987792969,111112.0,41295330.224365234
2026-04-02 17:35:00,371.6549987792969,371.75,371.4700012207031,371.7300109863281,98964.0,36787888.80725098
2026-04-02 17:40:00,371.7099914550781,371.8299865722656,371.29998779296875,371.5400085449219,162621.0,60420207.72958374
2026-04-02 17:45:00,371.54998779296875,371.6099853515625,370.510009765625,370.6300048828125,157631.0,58422778.29968262
2026-04-02 17:50:00,370.6191101074219,370.9700012207031,370.55010986328125,370.889892578125,143499.0,53222328.69506836
2026-04-02 17:55:00,370.8999938964844,370.9993896484375,370.6199951171875,370.8598937988281,105518.0,39132394.273864746
2026-04-02 18:00:00,370.875,371.3900146484375,370.8299865722656,371.3699951171875,118225.0,43905217.67272949
2026-04-02 18:05:00,371.3699951171875,371.6789855957031,371.2500915527344,371.3200988769531,146521.0,54406192.20755005
2026-04-02 18:10:00,371.3299865722656,371.6098937988281,371.239990234375,371.29998779296875,108466.0,40273424.47595215
2026-04-02 18:15:00,371.30999755859375,371.3699951171875,371.1099853515625,371.32000732421875,80052.0,29724909.22631836
2026-04-02 18:20:00,371.32000732421875,371.5450134277344,371.1199951171875,371.1199951171875,142908.0,53036016.26220703
2026-04-02 18:25:00,371.125,371.25,370.94000244140625,371.0494079589844,101958.0,37831455.53668213
2026-04-02 18:30:00,371.0199890136719,371.42999267578125,371.0176086425781,371.3800048828125,133227.0,49477843.91052246
2026-04-02 18:35:00,371.364990234375,371.5299987792969,370.9200134277344,371.07000732421875,153517.0,56965554.31439209
2026-04-02 18:40:00,371.0199890136719,371.6099853515625,371.0199890136719,371.6097106933594,143916.0,53480583.12414551
2026-04-02 18:45:00,371.5899963378906,371.5899963378906,371.0799865722656,371.2300109863281,153407.0,56949282.29537964
2026-04-02 18:50:00,371.2257080078125,371.69000244140625,371.0950012207031,371.4700012207031,137538.0,51091241.02789307
2026-04-02 18:55:00,371.44500732421875,371.44989013671875,371.20001220703125,371.3599853515625,114485.0,42515147.92297363
2026-04-02 19:00:00,371.3800048828125,371.4100036621094,370.8500061035156,371.1499938964844,236430.0,87750993.0569458
2026-04-02 19:05:00,371.1400146484375,371.5400085449219,371.1099853515625,371.1650085449219,165086.0,61274146.60064697
2026-04-02 19:10:00,371.1824951171875,371.5,371.1300048828125,371.20001220703125,117460.0,43601153.43383789
2026-04-02 19:15:00,371.19500732421875,371.3599853515625,370.8699951171875,371.0498962402344,171594.0,63669935.89544678
2026-04-02 19:20:00,371.04998779296875,373.20001220703125,370.7250061035156,372.2749938964844,780263.0,290472403.5626526
2026-04-02 19:25:00,372.2699890136719,372.6300048828125,371.6600036621094,372.57989501953125,477274.0,177822696.81555176
2026-04-02 19:30:00,372.55499267578125,372.94000244140625,372.0799865722656,372.239990234375,459881.0,171186098.9489746
2026-04-02 19:35:00,372.2300109863281,373.1600036621094,372.17999267578125,372.635009765625,379260.0,141325553.80371094
2026-04-02 19:40:00,372.6499938964844,373.1000061035156,372.0799865722656,372.2699890136719,347555.0,129384296.03164673
2026-04-02 19:45:00,372.25,372.44000244140625,372.0101013183594,372.2550048828125,295976.0,110178547.32519531
2026-04-02 19:50:00,372.2799987792969,372.79998779296875,372.2799987792969,372.635009765625,414536.0,154470626.40820312
2026-04-02 19:55:00,372.635009765625,373.6000061035156,372.5950012207031,373.5,990498.0,369951003.0
2026-04-06 13:30:00,373.4599914550781,373.7300109863281,372.1000061035156,372.6199951171875,1008996.0,375972084.5932617
2026-04-06 13:35:00,372.7799987792969,373.1189880371094,369.50140380859375,370.8900146484375,565078.0,209581787.69750977
2026-04-06 13:40:00,370.8900146484375,371.159912109375,370.385009765625,371.05999755859375,349415.0,129653929.04693604
2026-04-06 13:45:00,371.05499267578125,372.0899963378906,370.9700012207031,371.7699890136719,263205.0,97851719.9583435
2026-04-06 13:50:00,371.7950134277344,372.9039001464844,371.6600036621094,372.4599914550781,312287.0,116314413.35153198
2026-04-06 13:55:00,372.5400085449219,373.2799987792969,372.3500061035156,373.2349853515625,288953.0,107847368.72229004
2026-04-06 14:00:00,372.79998779296875,373.5,371.8599853515625,371.8599853515625,258850.0,96255957.20825195
2026-04-06 14:05:00,371.989990234375,372.6784973144531,371.739990234375,372.6784973144531,234803.0,87506029.20492554
2026-04-06 14:10:00,372.6549987792969,372.760009765625,371.69000244140625,372.75,251717.0,93827511.75
2026-04-06 14:15:00,372.7300109863281,372.8900146484375,372.4100036621094,372.6650085449219,200319.0,74651881.8467102
2026-04-06 14:20:00,372.67999267578125,373.07000732421875,372.5849914550781,372.7850036621094,154230.0,57494631.11480713
2026-04-06 14:25:00,372.7799987792969,373.05999755859375,372.4977111816406,372.6499938964844,133599.0,49785666.534576416
2026-04-06 14:30:00,372.70001220703125,372.989990234375,372.2900085449219,372.385009765625,174726.0,65065343.216308594
2026-04-06 14:35:00,372.4049987792969,372.6694030761719,371.6499938964844,371.7699890136719,197796.0,73534616.74694824
2026-04-06 14:40:00,371.75,372.260009765625,371.5,371.8599853515625,138265.0,51415220.87463379
2026-04-06 14:45:00,371.8299865722656,371.8299865722656,371.1499938964844,371.2300109863281,132969.0,49362083.330841064
2026-04-06 14:50:00,371.29998779296875,371.7300109863281,371.1400146484375,371.6650085449219,183917.0,68355513.3765564
2026-04-06 14:55:00,371.6650085449219,372.3114929199219,371.5,371.9800109863281,132226.0,49185428.93267822
2026-04-06 15:00:00,372.0,372.2449951171875,371.55999755859375,371.885009765625,128843.0,47914780.31323242
2026-04-06 15:05:00,371.8699951171875,372.6700134277344,371.80999755859375,372.5,274631.0,102300047.5
2026-04-06 15:10:00,372.4800109863281,372.55999755859375,372.0199890136719,372.3299865722656,154838.0,57650830.460876465
2026-04-06 15:15:00,372.32000732421875,372.42999267578125,371.9599914550781,372.17999267578125,112127.0,41731426.038757324
2026-04-06 15:20:00,372.1300048828125,372.1700134277344,371.66009521484375,371.8699951171875,139548.0,51893714.07861328
2026-04-06 15:25:00,371.9100036621094,371.92999267578125,371.30010986328125,371.3699951171875,138284.0,51354528.404785156
2026-04-06 15:30:00,371.3999938964844,371.4700012207031,370.9411926269531,371.1700134277344,123646.0,45893687.480285645
2026-04-06 15:35:00,371.1700134277344,371.3800048828125,370.8299865722656,371.3399963378906,123629.0,45908392.40725708
2026-04-06 15:40:00,371.3500061035156,371.5899963378906,371.17010498046875,371.4100036621094,125013.0,46431078.78781128
2026-04-06 15:45:00,371.4100036621094,371.7300109863281,371.2799987792969,371.635009765625,90164.0,33508099.020507812
2026-04-06 15:50:00,371.6000061035156,371.82000732421875,371.489990234375,371.7200012207031,129379.0,48092762.03793335
2026-04-06 15:55:00,371.70001220703125,371.79998779296875,371.44500732421875,371.6098937988281,107423.0,39919449.62155151
2026-04-06 16:00:00,371.5899963378906,371.6600036621094,371.29998779296875,371.3399963378906,149993.0,55698400.07070923
2026-04-06 16:05:00,371.3399963378906,371.5398864746094,371.2799987792969,371.3299865722656,283464.0,105258683.3137207
2026-04-06 16:10:00,371.3299865722656,371.5350036621094,371.239990234375,371.5,105207.0,39084400.5
2026-04-06 16:15:00,371.5199890136719,371.6199951171875,371.3999938964844,371.42999267578125,91523.0,33994387.21966553
2026-04-06 16:20:00,371.45001220703125,371.8299865722656,371.3599853515625,371.81988525390625,175098.0,65104918.26818848
2026-04-06 16:25:00,371.8299865722656,372.0899963378906,371.6199951171875,372.0050048828125,144020.0,53576160.803222656
2026-04-06 16:30:00,372.0,372.489990234375,371.82000732421875,372.4661865234375,125078.0,46587325.677978516
2026-04-06 16:35:00,372.4599914550781,373.0,372.3900146484375,372.8406982421875,118385.0,44138746.06140137
2026-04-06 16:40:00,372.79998779296875,372.8399963378906,372.5000915527344,372.6376953125,158311.0,58992646.18261719
2026-04-06 16:45:00,372.6199951171875,372.7200012207031,372.3200988769531,372.510009765625,115575.0,43052844.37866211
2026-04-06 16:50:00,372.5150146484375,372.5799865722656,372.0,372.20001220703125,120499.0,44849729.27093506
2026-04-06 16:55:00,372.18341064453125,372.2799987792969,371.8299865722656,372.1700134277344,169050.0,62915340.769958496
2026-04-06 17:00:00,372.1860046386719,372.20928955078125,371.6000061035156,371.86419677734375,163202.0,60688980.642456055
2026-04-06 17:05:00,371.8450012207031,372.11248779296875,371.6499938964844,371.9200134277344,110536.0,41110550.60424805
2026-04-06 17:10:00,371.92999267578125,371.92999267578125,370.6900939941406,371.04510498046875,193522.0,71805390.80603027
2026-04-06 17:15:00,371.04998779296875,371.4100036621094,370.8599853515625,371.385009765625,139708.0,51885456.94433594
2026-04-06 17:20:00,371.3599853515625,371.8800048828125,371.17999267578125,371.864013671875,97291.0,36179021.75415039
2026-04-06 17:25:00,371.8599853515625,372.3299865722656,371.760009765625,372.2650146484375,104701.0,38976519.298706055
2026-04-06 17:30:00,372.25,372.57000732421875,372.05999755859375,372.05999755859375,104282.0,38799160.66540527
2026-04-06 17:35:00,372.114990234375,372.2799987792969,371.80010986328125,372.0799865722656,105486.0,39249229.46356201
2026-04-06 17:40:00,372.0799865722656,372.6700134277344,371.9601135253906,372.635009765625,187393.0,69829192.38500977
2026-04-06 17:45:00,372.6300048828125,372.6600036621094,371.80999755859375,371.864990234375,115009.0,42767820.661865234
2026-04-06 17:50:00,371.9100036621094,372.0899963378906,371.6099853515625,371.7300109863281,87838.0,32652020.70501709
2026-04-06 17:55:00,371.7300109863281,371.8764953613281,371.6300048828125,371.6400146484375,70871.0,26338499.478149414
2026-04-06 18:00:00,371.6600036621094,371.739990234375,371.4800109863281,371.5899963378906,275554.0,102393109.85089111
2026-04-06 18:05:00,371.5799865722656,372.239990234375,371.5199890136719,372.2250061035156,100390.0,37367668.36273193
2026-04-06 18:10:00,372.2300109863281,372.75,372.2200012207031,372.662109375,123970.0,46198921.69921875
2026-04-06 18:15:00,372.67999267578125,373.2799987792969,372.67498779296875,373.20001220703125,135045.0,50398795.648498535
2026-04-06 18:20:00,373.1400146484375,373.6600036621094,373.04998779296875,373.5,150521.0,56219593.5
2026-04-06 18:25:00,373.5050048828125,373.5050048828125,372.82000732421875,372.92999267578125,131845.0,49168954.88433838
2026-04-06 18:30:00,372.92498779296875,373.32000732421875,372.6650085449219,372.7799987792969,91188.0,33993062.52868652
2026-04-06 18:35:00,372.7300109863281,372.8800048828125,372.55999755859375,372.55999755859375,78464.0,29232547.6484375
2026-04-06 18:40:00,372.57000732421875,372.6099853515625,372.30609130859375,372.4649963378906,82800.0,30840101.696777344
2026-04-06 18:45:00,372.4800109863281,372.6098937988281,372.260009765625,372.4049987792969,93291.0,34742034.741119385
2026-04-06 18:50:00,372.4100036621094,372.7099914550781,372.3699951171875,372.5195007324219,108967.0,40592332.436309814
2026-04-06 18:55:00,372.4949951171875,372.69000244140625,372.4700012207031,372.5459899902344,98089.0,36542663.6121521
2026-04-06 19:00:00,372.55999755859375,372.55999755859375,372.1199951171875,372.5,94323.0,35135317.5
2026-04-06 19:05:00,372.5,372.6724853515625,372.29998779296875,372.49200439453125,137409.0,51183753.831848145
2026-04-06 19:10:00,372.4800109863281,372.79998779296875,372.3200988769531,372.6300048828125,123536.0,46033220.283203125
2026-04-06 19:15:00,372.6400146484375,372.6400146484375,372.2699890136719,372.389404296875,111521.0,41529238.7565918
2026-04-06 19:20:00,372.3800048828125,372.739990234375,372.3299865722656,372.3900146484375,119288.0,44421660.06738281
2026-04-06 19:25:00,372.3800048828125,372.55999755859375,372.20001220703125,372.4100036621094,96885.0,36080943.20480347
2026-04-06 19:30:00,372.3800048828125,372.4289855957031,372.2239990234375,372.3500061035156,122863.0,45748038.79989624
2026-04-06 19:35:00,372.3349914550781,372.5400085449219,372.2699890136719,372.3500061035156,105237.0,39184997.592315674
2026-04-06 19:40:00,372.3500061035156,372.5400085449219,371.7699890136719,372.5199890136719,168062.0,62606454.39361572
2026-04-06 19:45:00,372.5,372.94000244140625,372.4800109863281,372.92498779296875,176767.0,65920831.31719971
2026-04-06 19:50:00,372.95001220703125,373.1499938964844,372.6000061035156,372.7699890136719,286545.0,106815376.5019226
2026-04-06 19:55:00,372.375,372.9100036621094,372.2699890136719,372.8609924316406,591746.0,220639000.8274536
2026-04-07 13:30:00,370.3450012207031,371.4800109863281,370.0,370.7799987792969,1086950.0,403019319.67315674
2026-04-07 13:35:00,370.6499938964844,371.0299987792969,369.7699890136719,370.0,328381.0,121500970.0
2026-04-07 13:40:00,370.019287109375,370.9700012207031,369.781494140625,370.56500244140625,308576.0,114347466.19335938
2026-04-07 13:45:00,370.57000732421875,371.45001220703125,370.489990234375,371.07000732421875,314898.0,116849203.16638184
2026-04-07 13:50:00,371.07000732421875,371.07000732421875,370.1499938964844,370.4649963378906,168277.0,62340738.18875122
2026-04-07 13:55:00,370.4751892089844,370.6000061035156,369.6402893066406,369.6600036621094,204523.0,75603972.9289856
2026-04-07 14:00:00,369.6499938964844,369.8599853515625,368.75,368.9599914550781,291718.0,107632270.78729248
2026-04-07 14:05:00,369.010009765625,369.010009765625,367.8999938964844,368.239990234375,347575.0,127991014.60571289
2026-04-07 14:10:00,368.2099914550781,368.6600036621094,368.1000061035156,368.45001220703125,237390.0,87466348.39782715
2026-04-07 14:15:00,368.4700012207031,369.0350036621094,368.30999755859375,368.95001220703125,230654.0,85099796.11560059
2026-04-07 14:20:00,368.95001220703125,369.7200012207031,368.8599853515625,369.56500244140625,221634.0,81908169.75109863
2026-04-07 14:25:00,369.54998779296875,369.79998779296875,369.42999267578125,369.7349853515625,147883.0,54677518.83874512
2026-04-07 14:30:00,369.7349853515625,370.0299987792969,369.2300109863281,369.6099853515625,154587.0,57136898.80554199
2026-04-07 14:35:00,369.625,369.75,368.8900146484375,369.0899963378906,133241.0,49177920.202056885
2026-04-07 14:40:00,369.1199951171875,369.2499084472656,368.7300109863281,369.0899963378906,126886.0,46832353.27532959
2026-04-07 14:45:00,369.05499267578125,369.3699951171875,368.7099914550781,368.82501220703125,140173.0,51699308.43609619
2026-04-07 14:50:00,368.760009765625,368.79998779296875,368.17999267578125,368.2550048828125,222917.0,82090300.92346191
2026-04-07 14:55:00,368.2099914550781,368.260009765625,367.3599853515625,367.375,244183.0,89706729.625
2026-04-07 15:00:00,367.3500061035156,367.42999267578125,366.82000732421875,367.04998779296875,272090.0,99870631.17858887
2026-04-07 15:05:00,367.0199890136719,367.0899963378906,366.57000732421875,366.9649963378906,185494.0,68069805.03070068
2026-04-07 15:10:00,366.9800109863281,367.6400146484375,366.9800109863281,367.5899963378906,167065.0,61411422.7381897
2026-04-07 15:15:00,367.55999755859375,368.739990234375,367.489990234375,368.0899963378906,321941.0,118503261.51101685
2026-04-07 15:20:00,368.1300048828125,368.1449890136719,367.69500732421875,367.8399963378906,117059.0,43058982.13131714
2026-04-07 15:25:00,367.8399963378906,368.1600036621094,367.7799987792969,368.114990234375,141350.0,52033053.869628906
2026-04-07 15:30:00,368.114990234375,368.3800048828125,367.885009765625,368.3800048828125,124435.0,45839365.90759277
2026-04-07 15:35:00,368.3500061035156,368.5,367.95001220703125,368.2300109863281,257860.0,94951790.63293457
2026-04-07 15:40:00,368.2489929199219,368.489990234375,367.9599914550781,368.25,233960.0,86155770.0
2026-04-07 15:45:00,368.25,368.8299865722656,368.2250061035156,368.80999755859375,120726.0,44524955.76525879
2026-04-07 15:50:00,368.82000732421875,369.0199890136719,368.5,368.9599914550781,92830.0,34250556.0067749
2026-04-07 15:55:00,368.95001220703125,369.4700012207031,368.75,369.2301025390625,137409.0,50735539.15979004
2026-04-07 16:00:00,369.2799987792969,370.8599853515625,369.20001220703125,369.92999267578125,200423.0,74142478.9220581
2026-04-07 16:05:00,369.92999267578125,370.19000244140625,369.6300048828125,369.6700134277344,109190.0,40364268.76617432
2026-04-07 16:10:00,369.6700134277344,369.94989013671875,369.57000732421875,369.79998779296875,283271.0,104753612.34210205
2026-04-07 16:15:00,369.7699890136719,370.1099853515625,369.5899963378906,369.8900146484375,1261784.0,466721302.24316406
2026-04-07 16:20:00,369.8550109863281,370.5799865722656,369.7799987792969,370.20001220703125,211299.0,78222892.3793335
2026-04-07 16:25:00,370.2449951171875,370.82000732421875,369.9649963378906,370.7099914550781,158669.0,58820183.63418579
2026-04-07 16:30:00,370.67999267578125,370.82000732421875,370.45001220703125,370.739990234375,104592.0,38776437.05859375
2026-04-07 16:35:00,370.7550048828125,370.7799072265625,370.20001220703125,370.4049987792969,100820.0,37344231.97692871
2026-04-07 16:40:00,370.45001220703125,370.79998779296875,370.3100891113281,370.5899963378906,84506.0,31317078.230529785
2026-04-07 16:45:00,370.6199951171875,371.1199951171875,370.614990234375,370.94000244140625,233607.0,86654181.15032959
2026-04-07 16:50:00,370.8900146484375,371.1650085449219,370.7799987792969,371.0299987792969,195744.0,72626896.08105469
2026-04-07 16:55:00,371.0400085449219,371.08990478515625,370.6499938964844,370.718994140625,94120.0,34892071.728515625
2026-04-07 17:00:00,370.6700134277344,371.17999267578125,370.5400085449219,370.70001220703125,156874.0,58153193.71496582
2026-04-07 17:05:00,370.7250061035156,370.94000244140625,370.5700988769531,370.6300048828125,73029.0,27066738.626586914
2026-04-07 17:10:00,370.6099853515625,370.70001220703125,370.2699890136719,370.3299865722656,92882.0,34396989.812805176
2026-04-07 17:15:00,370.32000732421875,370.55999755859375,370.19000244140625,370.44000244140625,101301.0,37525942.687316895
2026-04-07 17:20:00,370.44500732421875,370.510009765625,370.0799865722656,370.364990234375,85017.0,31487320.37475586
2026-04-07 17:25:00,370.3799133300781,370.4700012207031,370.20001220703125,370.3172912597656,164768.0,61016439.44628906
2026-04-07 17:30:00,370.3299865722656,371.0299987792969,370.29998779296875,370.95001220703125,84334.0,31283698.329467773
2026-04-07 17:35:00,370.95001220703125,371.7799987792969,370.9200134277344,371.29998779296875,161330.0,59901827.03063965
2026-04-07 17:40:00,371.30499267578125,371.30499267578125,370.8399963378906,370.8800048828125,90250.0,33471920.440673828
2026-04-07 17:45:00,370.9289855957031,370.9779968261719,370.55999755859375,370.8349914550781,65093.0,24138762.0987854
2026-04-07 17:50:00,370.8599853515625,371.0799865722656,370.7449951171875,370.7900085449219,67106.0,24882234.313415527
2026-04-07 17:55:00,370.80999755859375,370.8743896484375,370.5799865722656,370.82000732421875,89426.0,33160949.974975586
2026-04-07 18:00:00,370.8500061035156,371.260009765625,370.7300109863281,370.9200134277344,120900.0,44844229.623413086
2026-04-07 18:05:00,370.9100036621094,371.04998779296875,370.760009765625,370.9211120605469,85404.0,31678146.654418945
2026-04-07 18:10:00,370.8999938964844,370.989990234375,370.6099853515625,370.68011474609375,90405.0,33511335.773620605
2026-04-07 18:15:00,370.7049865722656,370.7699890136719,370.4501037597656,370.7049865722656,146181.0,54190025.64212036
2026-04-07 18:20:00,370.7049865722656,370.760009765625,370.1199951171875,370.20001220703125,122925.0,45506836.50054932
2026-04-07 18:25:00,370.2099914550781,370.41009521484375,370.0400085449219,370.24951171875,125741.0,46555543.853027344
2026-04-07 18:30:00,370.260009765625,370.260009765625,369.9599914550781,370.13031005859375,138701.0,51337444.13543701
2026-04-07 18:35:00,370.1199951171875,370.3800048828125,370.0799865722656,370.3299865722656,132871.0,49206115.645843506
2026-04-07 18:40:00,370.3599853515625,370.45001220703125,369.6300048828125,369.7900085449219,149967.0,55456298.2114563
2026-04-07 18:45:00,369.8099060058594,370.0450134277344,369.5,369.5931091308594,122118.0,45133971.300842285
2026-04-07 18:50:00,369.55999755859375,369.8399963378906,369.19000244140625,369.29998779296875,154858.0,57189057.509643555
2026-04-07 18:55:00,369.2699890136719,369.2799987792969,368.6499938964844,368.9200134277344,195914.0,72276595.51068115
2026-04-07 19:00:00,368.8999938964844,369.44989013671875,368.7250061035156,369.3900146484375,171785.0,63455663.666381836
2026-04-07 19:05:00,369.4100036621094,369.4800109863281,368.8389892578125,369.19000244140625,178750.0,65992712.93640137
2026-04-07 19:10:00,369.18499755859375,369.42999267578125,369.0400085449219,369.2749938964844,142068.0,52462159.83288574
2026-04-07 19:15:00,369.2749938964844,371.3800048828125,369.17999267578125,371.0799865722656,304555.0,113014265.31051636
2026-04-07 19:20:00,371.1000061035156,371.6099853515625,370.42999267578125,370.7699890136719,338862.0,125639860.01715088
2026-04-07 19:25:00,370.739990234375,371.2398986816406,370.3800048828125,370.8500061035156,137636.0,51042311.44006348
2026-04-07 19:30:00,370.8500061035156,370.9898986816406,370.44000244140625,370.8599853515625,137463.0,50979526.166381836
2026-04-07 19:35:00,370.8900146484375,370.8900146484375,370.2300109863281,370.3800048828125,141733.0,52495069.232055664
2026-04-07 19:40:00,370.3800048828125,371.25,370.3599853515625,371.05999755859375,237375.0,88080366.92047119
2026-04-07 19:45:00,371.0199890136719,372.45001220703125,370.7799987792969,371.3949890136719,467846.0,173755660.03009033
2026-04-07 19:50:00,371.44000244140625,372.3800048828125,371.3800048828125,372.05499267578125,395673.0,147212115.1170044
2026-04-07 19:55:00,372.0299987792969,372.45001220703125,371.54998779296875,372.2699890136719,785227.0,292316446.6632385
2026-04-07 20:00:00,372.2900085449219,372.2900085449219,372.2900085449219,372.2900085449219,0.0,0.0
